{"Dens": 27000000.0, "E": 150000000000.0, "Et": 68181818181.81818, "Pois": 0.1, "StaticFric": 53.0, "DynamicFric": 50.0, "Rc": 0.99, "normalCohesion": 18500000.0, "shearCohesion": 15416666.666666668, "isFricReduction": true, "Vc": 5, "A": 0.5}