{"Dens": 27000000.0, "E": 60000000000.0, "Et": 23809523809.523808, "Pois": 0.26, "StaticFric": 48.0, "DynamicFric": 45.0, "Rc": 0.99, "normalCohesion": 38000000.0, "shearCohesion": 31666666.666666668, "isFricReduction": true, "Vc": 5, "A": 0.5}