{"Dens": 27500000.0, "E": 94000000000.0, "Et": 40869565217.391304, "Pois": 0.15, "StaticFric": 35.0, "DynamicFric": 32.0, "Rc": 0.99, "normalCohesion": 8000000.0, "shearCohesion": 6666666.666666667, "isFricReduction": true, "Vc": 5, "A": 0.5}