{"Dens": 25500000.0, "E": 10000000000.0, "Et": 4166666666.666667, "Pois": 0.2, "StaticFric": 41.0, "DynamicFric": 38.0, "Rc": 0.99, "normalCohesion": 7600000.0, "shearCohesion": 6333333.333333334, "isFricReduction": true, "Vc": 5, "A": 0.5}