{"Dens": 26700000.0, "E": 80000000000.0, "Et": 33333333333.333336, "Pois": 0.2, "StaticFric": 23.0, "DynamicFric": 20.0, "Rc": 0.99, "normalCohesion": 18800000.0, "shearCohesion": 15666666.666666668, "isFricReduction": true, "Vc": 5, "A": 0.5}