{"Dens": 23000000.0, "E": 55000000000.0, "Et": 22916666666.666668, "Pois": 0.2, "StaticFric": 41.0, "DynamicFric": 38.0, "Rc": 0.99, "normalCohesion": 11200000.0, "shearCohesion": 9333333.333333334, "isFricReduction": true, "Vc": 5, "A": 0.5}