{"Dens": 26700000.0, "E": 20000000000.0, "Et": 7692307692.307692, "Pois": 0.3, "StaticFric": 32.0, "DynamicFric": 29.0, "Rc": 0.99, "normalCohesion": 10400000.0, "shearCohesion": 8666666.666666668, "isFricReduction": true, "Vc": 5, "A": 0.5}