{"Dens": 25500000.0, "E": 100000000000.0, "Et": 38461538461.53846, "Pois": 0.3, "StaticFric": 44.0, "DynamicFric": 41.0, "Rc": 0.99, "normalCohesion": 11200000.0, "shearCohesion": 9333333.333333334, "isFricReduction": true, "Vc": 5, "A": 0.5}