{"Dens": 27500000.0, "E": 60000000000.0, "Et": 21428571428.57143, "Pois": 0.4, "StaticFric": 47.0, "DynamicFric": 44.0, "Rc": 0.99, "normalCohesion": 250000.0, "shearCohesion": 208333.33333333334, "isFricReduction": true, "Vc": 5, "A": 0.5}