{"Dens": 26700000.0, "E": 50000000000.0, "Et": 17857142857.142857, "Pois": 0.4, "StaticFric": 29.0, "DynamicFric": 26.0, "Rc": 0.99, "normalCohesion": 10400000.0, "shearCohesion": 8666666.666666668, "isFricReduction": true, "Vc": 5, "A": 0.5}