{"Dens": 26000000.0, "E": 50000000000.0, "Et": 22727272727.272724, "Pois": 0.1, "StaticFric": 47.0, "DynamicFric": 44.0, "Rc": 0.99, "normalCohesion": 22000000.0, "shearCohesion": 18333333.333333336, "isFricReduction": true, "Vc": 5, "A": 0.5}