{"Dens": 28000000.0, "E": 90000000000.0, "Et": 33333333333.333332, "Pois": 0.35, "StaticFric": 51.0, "DynamicFric": 48.0, "Rc": 0.99, "normalCohesion": 52000000.0, "shearCohesion": 43333333.333333336, "isFricReduction": true, "Vc": 5, "A": 0.5}