{"Dens": 26500000.0, "E": 75000000000.0, "Et": 29761904761.904762, "Pois": 0.26, "StaticFric": 57.0, "DynamicFric": 54.0, "Rc": 0.99, "normalCohesion": 22000000.0, "shearCohesion": 18333333.333333336, "isFricReduction": true, "Vc": 5, "A": 0.5}