{"Dens": 26000000.0, "E": 200000000000.0, "Et": 86956521739.13045, "Pois": 0.15, "StaticFric": 52.0, "DynamicFric": 49.0, "Rc": 0.99, "normalCohesion": 52000000.0, "shearCohesion": 43333333.333333336, "isFricReduction": true, "Vc": 5, "A": 0.5}