{"Dens": 27500000.0, "E": 120000000000.0, "Et": 46153846153.84615, "Pois": 0.3, "StaticFric": 35.0, "DynamicFric": 32.0, "Rc": 0.99, "normalCohesion": 350000.0, "shearCohesion": 291666.6666666667, "isFricReduction": true, "Vc": 5, "A": 0.5}