{"Dens": 28000000.0, "E": 120000000000.0, "Et": 44444444444.44444, "Pois": 0.35, "StaticFric": 47.0, "DynamicFric": 44.0, "Rc": 0.99, "normalCohesion": 44000000.0, "shearCohesion": 36666666.66666667, "isFricReduction": true, "Vc": 5, "A": 0.5}