{"Dens": 27000000.0, "E": 100000000000.0, "Et": 38461538461.53846, "Pois": 0.3, "StaticFric": 45.0, "DynamicFric": 42.0, "Rc": 0.99, "normalCohesion": 50000000.0, "shearCohesion": 41666666.66666667, "isFricReduction": true, "Vc": 5, "A": 0.5}