{"Dens": 25500000.0, "E": 50000000000.0, "Et": 20833333333.333336, "Pois": 0.2, "StaticFric": 35.0, "DynamicFric": 32.0, "Rc": 0.99, "normalCohesion": 25600000.0, "shearCohesion": 21333333.333333336, "isFricReduction": true, "Vc": 5, "A": 0.5}