{"Dens": 25000000.0, "E": 100000000000.0, "Et": 39682539682.53968, "Pois": 0.26, "StaticFric": 48.0, "DynamicFric": 45.0, "Rc": 0.99, "normalCohesion": 29000000.0, "shearCohesion": 24166666.666666668, "isFricReduction": true, "Vc": 5, "A": 0.5}