{"Dens": 23000000.0, "E": 10000000000.0, "Et": 3846153846.153846, "Pois": 0.3, "StaticFric": 38.0, "DynamicFric": 35.0, "Rc": 0.99, "normalCohesion": 14800000.0, "shearCohesion": 12333333.333333334, "isFricReduction": true, "Vc": 5, "A": 0.5}