{"Dens": 25000000.0, "E": 100000000000.0, "Et": 39682539682.53968, "Pois": 0.26, "StaticFric": 57.0, "DynamicFric": 54.0, "Rc": 0.99, "normalCohesion": 50000000.0, "shearCohesion": 41666666.66666667, "isFricReduction": true, "Vc": 5, "A": 0.5}