{"Dens": 26500000.0, "E": 100000000000.0, "Et": 39682539682.53968, "Pois": 0.26, "StaticFric": 45.0, "DynamicFric": 42.0, "Rc": 0.99, "normalCohesion": 46000000.0, "shearCohesion": 38333333.333333336, "isFricReduction": true, "Vc": 5, "A": 0.5}