{"Dens": 25500000.0, "E": 100000000000.0, "Et": 38461538461.53846, "Pois": 0.3, "StaticFric": 41.0, "DynamicFric": 38.0, "Rc": 0.99, "normalCohesion": 7600000.0, "shearCohesion": 6333333.333333334, "isFricReduction": true, "Vc": 5, "A": 0.5}