{"Dens": 25000000.0, "E": 50000000000.0, "Et": 21739130434.78261, "Pois": 0.15, "StaticFric": 54.0, "DynamicFric": 51.0, "Rc": 0.99, "normalCohesion": 43000000.0, "shearCohesion": 35833333.333333336, "isFricReduction": true, "Vc": 5, "A": 0.5}