{"Dens": 26700000.0, "E": 50000000000.0, "Et": 17857142857.142857, "Pois": 0.4, "StaticFric": 23.0, "DynamicFric": 20.0, "Rc": 0.99, "normalCohesion": 16000000.0, "shearCohesion": 13333333.333333334, "isFricReduction": true, "Vc": 5, "A": 0.5}