{"Dens": 25000000.0, "E": 100000000000.0, "Et": 43478260869.56522, "Pois": 0.15, "StaticFric": 48.0, "DynamicFric": 45.0, "Rc": 0.99, "normalCohesion": 32500000.0, "shearCohesion": 27083333.333333336, "isFricReduction": true, "Vc": 5, "A": 0.5}