{"Dens": 26700000.0, "E": 80000000000.0, "Et": 28571428571.428574, "Pois": 0.4, "StaticFric": 35.0, "DynamicFric": 32.0, "Rc": 0.99, "normalCohesion": 16000000.0, "shearCohesion": 13333333.333333334, "isFricReduction": true, "Vc": 5, "A": 0.5}