{"Dens": 27000000.0, "E": 100000000000.0, "Et": 45454545454.54545, "Pois": 0.1, "StaticFric": 51.0, "DynamicFric": 48.0, "Rc": 0.99, "normalCohesion": 22000000.0, "shearCohesion": 18333333.333333336, "isFricReduction": true, "Vc": 5, "A": 0.5}