{"Dens": 27000000.0, "E": 100000000000.0, "Et": 38461538461.53846, "Pois": 0.3, "StaticFric": 53.0, "DynamicFric": 50.0, "Rc": 0.99, "normalCohesion": 29000000.0, "shearCohesion": 24166666.666666668, "isFricReduction": true, "Vc": 5, "A": 0.5}