{"Dens": 27500000.0, "E": 10000000000.0, "Et": 3571428571.4285717, "Pois": 0.4, "StaticFric": 35.0, "DynamicFric": 32.0, "Rc": 0.99, "normalCohesion": 550000.0, "shearCohesion": 458333.3333333334, "isFricReduction": true, "Vc": 5, "A": 0.5}