{"Dens": 26000000.0, "E": 130000000000.0, "Et": 60185185185.18518, "Pois": 0.08, "StaticFric": 56.0, "DynamicFric": 53.0, "Rc": 0.99, "normalCohesion": 40000000.0, "shearCohesion": 33333333.333333336, "isFricReduction": true, "Vc": 5, "A": 0.5}