{"Dens": 27000000.0, "E": 100000000000.0, "Et": 41666666666.66667, "Pois": 0.2, "StaticFric": 45.0, "DynamicFric": 42.0, "Rc": 0.99, "normalCohesion": 18500000.0, "shearCohesion": 15416666.666666668, "isFricReduction": true, "Vc": 5, "A": 0.5}