{"Dens": 27500000.0, "E": 10000000000.0, "Et": 3571428571.4285717, "Pois": 0.4, "StaticFric": 47.0, "DynamicFric": 44.0, "Rc": 0.99, "normalCohesion": 500000.0, "shearCohesion": 416666.6666666667, "isFricReduction": true, "Vc": 5, "A": 0.5}