{"Dens": 27000000.0, "E": 85000000000.0, "Et": 38636363636.36363, "Pois": 0.1, "StaticFric": 53.0, "DynamicFric": 50.0, "Rc": 0.99, "normalCohesion": 32500000.0, "shearCohesion": 27083333.333333336, "isFricReduction": true, "Vc": 5, "A": 0.5}