{"Dens": 27000000.0, "E": 60000000000.0, "Et": 23809523809.523808, "Pois": 0.26, "StaticFric": 60.0, "DynamicFric": 57.0, "Rc": 0.99, "normalCohesion": 50000000.0, "shearCohesion": 41666666.66666667, "isFricReduction": true, "Vc": 5, "A": 0.5}