{"Dens": 26500000.0, "E": 75000000000.0, "Et": 29069767441.860466, "Pois": 0.29, "StaticFric": 51.0, "DynamicFric": 48.0, "Rc": 0.99, "normalCohesion": 34000000.0, "shearCohesion": 28333333.333333336, "isFricReduction": true, "Vc": 5, "A": 0.5}