{"Dens": 28000000.0, "E": 60000000000.0, "Et": 23809523809.523808, "Pois": 0.26, "StaticFric": 45.0, "DynamicFric": 42.0, "Rc": 0.99, "normalCohesion": 20000000.0, "shearCohesion": 16666666.666666668, "isFricReduction": true, "Vc": 5, "A": 0.5}