{"Dens": 26000000.0, "E": 10000000000.0, "Et": 4545454545.454545, "Pois": 0.1, "StaticFric": 38.0, "DynamicFric": 35.0, "Rc": 0.99, "normalCohesion": 16000000.0, "shearCohesion": 13333333.333333334, "isFricReduction": true, "Vc": 5, "A": 0.5}