{"Dens": 26000000.0, "E": 60000000000.0, "Et": 26086956521.739132, "Pois": 0.15, "StaticFric": 58.0, "DynamicFric": 55.0, "Rc": 0.99, "normalCohesion": 44000000.0, "shearCohesion": 36666666.66666667, "isFricReduction": true, "Vc": 5, "A": 0.5}