{"Dens": 23000000.0, "E": 10000000000.0, "Et": 3846153846.153846, "Pois": 0.3, "StaticFric": 44.0, "DynamicFric": 41.0, "Rc": 0.99, "normalCohesion": 36400000.0, "shearCohesion": 30333333.333333336, "isFricReduction": true, "Vc": 5, "A": 0.5}