{"Dens": 27000000.0, "E": 75000000000.0, "Et": 29411764705.882355, "Pois": 0.275, "StaticFric": 50.0, "DynamicFric": 47.0, "Rc": 0.99, "normalCohesion": 18100000.0, "shearCohesion": 15083333.333333334, "isFricReduction": true, "Vc": 5, "A": 0.5}