{"Dens": 27500000.0, "E": 120000000000.0, "Et": 42857142857.14286, "Pois": 0.4, "StaticFric": 44.0, "DynamicFric": 41.0, "Rc": 0.99, "normalCohesion": 500000.0, "shearCohesion": 416666.6666666667, "isFricReduction": true, "Vc": 5, "A": 0.5}