{"Dens": 27000000.0, "E": 60000000000.0, "Et": 24390243902.439026, "Pois": 0.23, "StaticFric": 45.0, "DynamicFric": 42.0, "Rc": 0.99, "normalCohesion": 46000000.0, "shearCohesion": 38333333.333333336, "isFricReduction": true, "Vc": 5, "A": 0.5}