{"Dens": 26000000.0, "E": 50000000000.0, "Et": 19762845849.80237, "Pois": 0.265, "StaticFric": 50.0, "DynamicFric": 47.0, "Rc": 0.99, "normalCohesion": 10000000.0, "shearCohesion": 8333333.333333334, "isFricReduction": true, "Vc": 5, "A": 0.5}