{"Dens": 26000000.0, "E": 130000000000.0, "Et": 56521739130.434784, "Pois": 0.15, "StaticFric": 54.0, "DynamicFric": 51.0, "Rc": 0.99, "normalCohesion": 20000000.0, "shearCohesion": 16666666.666666668, "isFricReduction": true, "Vc": 5, "A": 0.5}