{"Dens": 27500000.0, "E": 72000000000.0, "Et": 31304347826.08696, "Pois": 0.15, "StaticFric": 44.0, "DynamicFric": 41.0, "Rc": 0.99, "normalCohesion": 17600000.0, "shearCohesion": 14666666.666666668, "isFricReduction": true, "Vc": 5, "A": 0.5}