{"Dens": 27000000.0, "E": 100000000000.0, "Et": 45454545454.54545, "Pois": 0.1, "StaticFric": 55.0, "DynamicFric": 52.0, "Rc": 0.99, "normalCohesion": 18500000.0, "shearCohesion": 15416666.666666668, "isFricReduction": true, "Vc": 5, "A": 0.5}