{"Dens": 26700000.0, "E": 20000000000.0, "Et": 7692307692.307692, "Pois": 0.3, "StaticFric": 20.0, "DynamicFric": 17.0, "Rc": 0.99, "normalCohesion": 16000000.0, "shearCohesion": 13333333.333333334, "isFricReduction": true, "Vc": 5, "A": 0.5}