{"Dens": 26500000.0, "E": 75000000000.0, "Et": 29069767441.860466, "Pois": 0.29, "StaticFric": 54.0, "DynamicFric": 51.0, "Rc": 0.99, "normalCohesion": 50000000.0, "shearCohesion": 41666666.66666667, "isFricReduction": true, "Vc": 5, "A": 0.5}