{"Dens": 27000000.0, "E": 60000000000.0, "Et": 25423728813.559322, "Pois": 0.18, "StaticFric": 54.0, "DynamicFric": 51.0, "Rc": 0.99, "normalCohesion": 38000000.0, "shearCohesion": 31666666.666666668, "isFricReduction": true, "Vc": 5, "A": 0.5}