{"Dens": 26000000.0, "E": 100000000000.0, "Et": 39525691699.60474, "Pois": 0.265, "StaticFric": 35.0, "DynamicFric": 32.0, "Rc": 0.99, "normalCohesion": 20000000.0, "shearCohesion": 16666666.666666668, "isFricReduction": true, "Vc": 5, "A": 0.5}