{"Dens": 27000000.0, "E": 85000000000.0, "Et": 35416666666.66667, "Pois": 0.2, "StaticFric": 51.0, "DynamicFric": 48.0, "Rc": 0.99, "normalCohesion": 22000000.0, "shearCohesion": 18333333.333333336, "isFricReduction": true, "Vc": 5, "A": 0.5}