{"Dens": 27000000.0, "E": 85000000000.0, "Et": 38636363636.36363, "Pois": 0.1, "StaticFric": 49.0, "DynamicFric": 46.0, "Rc": 0.99, "normalCohesion": 50000000.0, "shearCohesion": 41666666.66666667, "isFricReduction": true, "Vc": 5, "A": 0.5}