{"Dens": 27000000.0, "E": 60000000000.0, "Et": 25423728813.559322, "Pois": 0.18, "StaticFric": 48.0, "DynamicFric": 45.0, "Rc": 0.99, "normalCohesion": 34000000.0, "shearCohesion": 28333333.333333336, "isFricReduction": true, "Vc": 5, "A": 0.5}