{"Dens": 27000000.0, "E": 75000000000.0, "Et": 27777777777.777775, "Pois": 0.35, "StaticFric": 35.0, "DynamicFric": 32.0, "Rc": 0.99, "normalCohesion": 40000000.0, "shearCohesion": 33333333.333333336, "isFricReduction": true, "Vc": 5, "A": 0.5}