{"Dens": 27500000.0, "E": 60000000000.0, "Et": 21428571428.57143, "Pois": 0.4, "StaticFric": 41.0, "DynamicFric": 38.0, "Rc": 0.99, "normalCohesion": 500000.0, "shearCohesion": 416666.6666666667, "isFricReduction": true, "Vc": 5, "A": 0.5}