{"Dens": 27000000.0, "E": 150000000000.0, "Et": 57692307692.30769, "Pois": 0.3, "StaticFric": 53.0, "DynamicFric": 50.0, "Rc": 0.99, "normalCohesion": 39500000.0, "shearCohesion": 32916666.666666668, "isFricReduction": true, "Vc": 5, "A": 0.5}