{"Dens": 27000000.0, "E": 70000000000.0, "Et": 31818181818.181816, "Pois": 0.1, "StaticFric": 55.0, "DynamicFric": 52.0, "Rc": 0.99, "normalCohesion": 32500000.0, "shearCohesion": 27083333.333333336, "isFricReduction": true, "Vc": 5, "A": 0.5}