{"Dens": 26500000.0, "E": 75000000000.0, "Et": 29411764705.882355, "Pois": 0.275, "StaticFric": 45.0, "DynamicFric": 42.0, "Rc": 0.99, "normalCohesion": 26000000.0, "shearCohesion": 21666666.666666668, "isFricReduction": true, "Vc": 5, "A": 0.5}