{"Dens": 26700000.0, "E": 80000000000.0, "Et": 30769230769.230766, "Pois": 0.3, "StaticFric": 35.0, "DynamicFric": 32.0, "Rc": 0.99, "normalCohesion": 10400000.0, "shearCohesion": 8666666.666666668, "isFricReduction": true, "Vc": 5, "A": 0.5}