{"Dens": 27500000.0, "E": 72000000000.0, "Et": 31304347826.08696, "Pois": 0.15, "StaticFric": 35.0, "DynamicFric": 32.0, "Rc": 0.99, "normalCohesion": 11200000.0, "shearCohesion": 9333333.333333334, "isFricReduction": true, "Vc": 5, "A": 0.5}