{"Dens": 27500000.0, "E": 94000000000.0, "Et": 34814814814.81481, "Pois": 0.35, "StaticFric": 50.0, "DynamicFric": 47.0, "Rc": 0.99, "normalCohesion": 8000000.0, "shearCohesion": 6666666.666666667, "isFricReduction": true, "Vc": 5, "A": 0.5}