{"Dens": 28000000.0, "E": 120000000000.0, "Et": 44444444444.44444, "Pois": 0.35, "StaticFric": 49.0, "DynamicFric": 46.0, "Rc": 0.99, "normalCohesion": 20000000.0, "shearCohesion": 16666666.666666668, "isFricReduction": true, "Vc": 5, "A": 0.5}