{"Dens": 25000000.0, "E": 50000000000.0, "Et": 19841269841.26984, "Pois": 0.26, "StaticFric": 57.0, "DynamicFric": 54.0, "Rc": 0.99, "normalCohesion": 43000000.0, "shearCohesion": 35833333.333333336, "isFricReduction": true, "Vc": 5, "A": 0.5}