{"Dens": 26700000.0, "E": 20000000000.0, "Et": 8333333333.333334, "Pois": 0.2, "StaticFric": 35.0, "DynamicFric": 32.0, "Rc": 0.99, "normalCohesion": 24400000.0, "shearCohesion": 20333333.333333336, "isFricReduction": true, "Vc": 5, "A": 0.5}