{"Dens": 25000000.0, "E": 75000000000.0, "Et": 29761904761.904762, "Pois": 0.26, "StaticFric": 60.0, "DynamicFric": 57.0, "Rc": 0.99, "normalCohesion": 32500000.0, "shearCohesion": 27083333.333333336, "isFricReduction": true, "Vc": 5, "A": 0.5}