{"Dens": 25500000.0, "E": 10000000000.0, "Et": 4166666666.666667, "Pois": 0.2, "StaticFric": 44.0, "DynamicFric": 41.0, "Rc": 0.99, "normalCohesion": 4000000.0, "shearCohesion": 3333333.3333333335, "isFricReduction": true, "Vc": 5, "A": 0.5}