{"Dens": 26000000.0, "E": 200000000000.0, "Et": 92592592592.59259, "Pois": 0.08, "StaticFric": 54.0, "DynamicFric": 51.0, "Rc": 0.99, "normalCohesion": 40000000.0, "shearCohesion": 33333333.333333336, "isFricReduction": true, "Vc": 5, "A": 0.5}