{"Dens": 27000000.0, "E": 50000000000.0, "Et": 20833333333.333336, "Pois": 0.2, "StaticFric": 41.0, "DynamicFric": 38.0, "Rc": 0.99, "normalCohesion": 18100000.0, "shearCohesion": 15083333.333333334, "isFricReduction": true, "Vc": 5, "A": 0.5}