{"Dens": 26000000.0, "E": 200000000000.0, "Et": 86956521739.13045, "Pois": 0.15, "StaticFric": 60.0, "DynamicFric": 57.0, "Rc": 0.99, "normalCohesion": 20000000.0, "shearCohesion": 16666666.666666668, "isFricReduction": true, "Vc": 5, "A": 0.5}