{"Dens": 25500000.0, "E": 50000000000.0, "Et": 19230769230.76923, "Pois": 0.3, "StaticFric": 41.0, "DynamicFric": 38.0, "Rc": 0.99, "normalCohesion": 4000000.0, "shearCohesion": 3333333.3333333335, "isFricReduction": true, "Vc": 5, "A": 0.5}