{"Dens": 28000000.0, "E": 90000000000.0, "Et": 40909090909.090904, "Pois": 0.1, "StaticFric": 49.0, "DynamicFric": 46.0, "Rc": 0.99, "normalCohesion": 52000000.0, "shearCohesion": 43333333.333333336, "isFricReduction": true, "Vc": 5, "A": 0.5}