{"Dens": 25000000.0, "E": 80000000000.0, "Et": 30769230769.230766, "Pois": 0.3, "StaticFric": 42.0, "DynamicFric": 39.0, "Rc": 0.99, "normalCohesion": 32500000.0, "shearCohesion": 27083333.333333336, "isFricReduction": true, "Vc": 5, "A": 0.5}