{"Dens": 27500000.0, "E": 60000000000.0, "Et": 23076923076.923077, "Pois": 0.3, "StaticFric": 41.0, "DynamicFric": 38.0, "Rc": 0.99, "normalCohesion": 250000.0, "shearCohesion": 208333.33333333334, "isFricReduction": true, "Vc": 5, "A": 0.5}