{"Dens": 26000000.0, "E": 60000000000.0, "Et": 27777777777.777775, "Pois": 0.08, "StaticFric": 56.0, "DynamicFric": 53.0, "Rc": 0.99, "normalCohesion": 28000000.0, "shearCohesion": 23333333.333333336, "isFricReduction": true, "Vc": 5, "A": 0.5}