{"Dens": 25000000.0, "E": 100000000000.0, "Et": 43478260869.56522, "Pois": 0.15, "StaticFric": 57.0, "DynamicFric": 54.0, "Rc": 0.99, "normalCohesion": 39500000.0, "shearCohesion": 32916666.666666668, "isFricReduction": true, "Vc": 5, "A": 0.5}