{"Dens": 26700000.0, "E": 20000000000.0, "Et": 7142857142.857143, "Pois": 0.4, "StaticFric": 35.0, "DynamicFric": 32.0, "Rc": 0.99, "normalCohesion": 18800000.0, "shearCohesion": 15666666.666666668, "isFricReduction": true, "Vc": 5, "A": 0.5}