{"Dens": 27000000.0, "E": 60000000000.0, "Et": 23809523809.523808, "Pois": 0.26, "StaticFric": 51.0, "DynamicFric": 48.0, "Rc": 0.99, "normalCohesion": 22000000.0, "shearCohesion": 18333333.333333336, "isFricReduction": true, "Vc": 5, "A": 0.5}