{"Dens": 27000000.0, "E": 75000000000.0, "Et": 29411764705.882355, "Pois": 0.275, "StaticFric": 47.0, "DynamicFric": 44.0, "Rc": 0.99, "normalCohesion": 7150000.0, "shearCohesion": 5958333.333333334, "isFricReduction": true, "Vc": 5, "A": 0.5}