{"Dens": 28000000.0, "E": 120000000000.0, "Et": 54545454545.454544, "Pois": 0.1, "StaticFric": 55.0, "DynamicFric": 52.0, "Rc": 0.99, "normalCohesion": 52000000.0, "shearCohesion": 43333333.333333336, "isFricReduction": true, "Vc": 5, "A": 0.5}