{"Dens": 27000000.0, "E": 70000000000.0, "Et": 31818181818.181816, "Pois": 0.1, "StaticFric": 51.0, "DynamicFric": 48.0, "Rc": 0.99, "normalCohesion": 50000000.0, "shearCohesion": 41666666.66666667, "isFricReduction": true, "Vc": 5, "A": 0.5}