{"Dens": 28000000.0, "E": 60000000000.0, "Et": 27272727272.727272, "Pois": 0.1, "StaticFric": 51.0, "DynamicFric": 48.0, "Rc": 0.99, "normalCohesion": 20000000.0, "shearCohesion": 16666666.666666668, "isFricReduction": true, "Vc": 5, "A": 0.5}