{"Dens": 26500000.0, "E": 50000000000.0, "Et": 19841269841.26984, "Pois": 0.26, "StaticFric": 60.0, "DynamicFric": 57.0, "Rc": 0.99, "normalCohesion": 34000000.0, "shearCohesion": 28333333.333333336, "isFricReduction": true, "Vc": 5, "A": 0.5}