{"Dens": 25500000.0, "E": 50000000000.0, "Et": 20833333333.333336, "Pois": 0.2, "StaticFric": 47.0, "DynamicFric": 44.0, "Rc": 0.99, "normalCohesion": 14800000.0, "shearCohesion": 12333333.333333334, "isFricReduction": true, "Vc": 5, "A": 0.5}