{"Dens": 26700000.0, "E": 20000000000.0, "Et": 7142857142.857143, "Pois": 0.4, "StaticFric": 23.0, "DynamicFric": 20.0, "Rc": 0.99, "normalCohesion": 2000000.0, "shearCohesion": 1666666.6666666667, "isFricReduction": true, "Vc": 5, "A": 0.5}