{"Dens": 25000000.0, "E": 50000000000.0, "Et": 21739130434.78261, "Pois": 0.15, "StaticFric": 48.0, "DynamicFric": 45.0, "Rc": 0.99, "normalCohesion": 50000000.0, "shearCohesion": 41666666.66666667, "isFricReduction": true, "Vc": 5, "A": 0.5}