{"Dens": 27000000.0, "E": 40000000000.0, "Et": 16949152542.372883, "Pois": 0.18, "StaticFric": 57.0, "DynamicFric": 54.0, "Rc": 0.99, "normalCohesion": 26000000.0, "shearCohesion": 21666666.666666668, "isFricReduction": true, "Vc": 5, "A": 0.5}