{"Dens": 28000000.0, "E": 120000000000.0, "Et": 47619047619.047615, "Pois": 0.26, "StaticFric": 49.0, "DynamicFric": 46.0, "Rc": 0.99, "normalCohesion": 28000000.0, "shearCohesion": 23333333.333333336, "isFricReduction": true, "Vc": 5, "A": 0.5}