{"Dens": 28000000.0, "E": 90000000000.0, "Et": 35714285714.28571, "Pois": 0.26, "StaticFric": 53.0, "DynamicFric": 50.0, "Rc": 0.99, "normalCohesion": 28000000.0, "shearCohesion": 23333333.333333336, "isFricReduction": true, "Vc": 5, "A": 0.5}