{"Dens": 27000000.0, "E": 85000000000.0, "Et": 32692307692.30769, "Pois": 0.3, "StaticFric": 49.0, "DynamicFric": 46.0, "Rc": 0.99, "normalCohesion": 43000000.0, "shearCohesion": 35833333.333333336, "isFricReduction": true, "Vc": 5, "A": 0.5}