{"Dens": 27500000.0, "E": 10000000000.0, "Et": 4166666666.666667, "Pois": 0.2, "StaticFric": 35.0, "DynamicFric": 32.0, "Rc": 0.99, "normalCohesion": 200000.0, "shearCohesion": 166666.6666666667, "isFricReduction": true, "Vc": 5, "A": 0.5}