{"Dens": 28000000.0, "E": 120000000000.0, "Et": 47619047619.047615, "Pois": 0.26, "StaticFric": 55.0, "DynamicFric": 52.0, "Rc": 0.99, "normalCohesion": 32000000.0, "shearCohesion": 26666666.666666668, "isFricReduction": true, "Vc": 5, "A": 0.5}