{"Dens": 25500000.0, "E": 100000000000.0, "Et": 41666666666.66667, "Pois": 0.2, "StaticFric": 38.0, "DynamicFric": 35.0, "Rc": 0.99, "normalCohesion": 14800000.0, "shearCohesion": 12333333.333333334, "isFricReduction": true, "Vc": 5, "A": 0.5}