{"Dens": 27000000.0, "E": 40000000000.0, "Et": 16949152542.372883, "Pois": 0.18, "StaticFric": 48.0, "DynamicFric": 45.0, "Rc": 0.99, "normalCohesion": 46000000.0, "shearCohesion": 38333333.333333336, "isFricReduction": true, "Vc": 5, "A": 0.5}