{"Dens": 28000000.0, "E": 90000000000.0, "Et": 35714285714.28571, "Pois": 0.26, "StaticFric": 51.0, "DynamicFric": 48.0, "Rc": 0.99, "normalCohesion": 32000000.0, "shearCohesion": 26666666.666666668, "isFricReduction": true, "Vc": 5, "A": 0.5}