{"Dens": 27000000.0, "E": 85000000000.0, "Et": 35416666666.66667, "Pois": 0.2, "StaticFric": 47.0, "DynamicFric": 44.0, "Rc": 0.99, "normalCohesion": 50000000.0, "shearCohesion": 41666666.66666667, "isFricReduction": true, "Vc": 5, "A": 0.5}