{"Dens": 26700000.0, "E": 20000000000.0, "Et": 8333333333.333334, "Pois": 0.2, "StaticFric": 26.0, "DynamicFric": 23.0, "Rc": 0.99, "normalCohesion": 16000000.0, "shearCohesion": 13333333.333333334, "isFricReduction": true, "Vc": 5, "A": 0.5}