{"Dens": 26500000.0, "E": 75000000000.0, "Et": 29069767441.860466, "Pois": 0.29, "StaticFric": 57.0, "DynamicFric": 54.0, "Rc": 0.99, "normalCohesion": 10000000.0, "shearCohesion": 8333333.333333334, "isFricReduction": true, "Vc": 5, "A": 0.5}