{"Dens": 27000000.0, "E": 50000000000.0, "Et": 20833333333.333336, "Pois": 0.2, "StaticFric": 50.0, "DynamicFric": 47.0, "Rc": 0.99, "normalCohesion": 29050000.0, "shearCohesion": 24208333.333333336, "isFricReduction": true, "Vc": 5, "A": 0.5}