{"Dens": 27000000.0, "E": 40000000000.0, "Et": 15873015873.015873, "Pois": 0.26, "StaticFric": 57.0, "DynamicFric": 54.0, "Rc": 0.99, "normalCohesion": 10000000.0, "shearCohesion": 8333333.333333334, "isFricReduction": true, "Vc": 5, "A": 0.5}