{"Dens": 23000000.0, "E": 55000000000.0, "Et": 22916666666.666668, "Pois": 0.2, "StaticFric": 35.0, "DynamicFric": 32.0, "Rc": 0.99, "normalCohesion": 36400000.0, "shearCohesion": 30333333.333333336, "isFricReduction": true, "Vc": 5, "A": 0.5}