{"Dens": 23000000.0, "E": 55000000000.0, "Et": 22916666666.666668, "Pois": 0.2, "StaticFric": 50.0, "DynamicFric": 47.0, "Rc": 0.99, "normalCohesion": 25600000.0, "shearCohesion": 21333333.333333336, "isFricReduction": true, "Vc": 5, "A": 0.5}