{"Dens": 25500000.0, "E": 100000000000.0, "Et": 41666666666.66667, "Pois": 0.2, "StaticFric": 41.0, "DynamicFric": 38.0, "Rc": 0.99, "normalCohesion": 32800000.0, "shearCohesion": 27333333.333333336, "isFricReduction": true, "Vc": 5, "A": 0.5}