{"Dens": 27500000.0, "E": 94000000000.0, "Et": 34814814814.81481, "Pois": 0.35, "StaticFric": 35.0, "DynamicFric": 32.0, "Rc": 0.99, "normalCohesion": 17600000.0, "shearCohesion": 14666666.666666668, "isFricReduction": true, "Vc": 5, "A": 0.5}