{"Dens": 27500000.0, "E": 72000000000.0, "Et": 26666666666.666664, "Pois": 0.35, "StaticFric": 41.0, "DynamicFric": 38.0, "Rc": 0.99, "normalCohesion": 20800000.0, "shearCohesion": 17333333.333333336, "isFricReduction": true, "Vc": 5, "A": 0.5}