{"Dens": 26000000.0, "E": 10000000000.0, "Et": 3952569169.960474, "Pois": 0.265, "StaticFric": 35.0, "DynamicFric": 32.0, "Rc": 0.99, "normalCohesion": 28000000.0, "shearCohesion": 23333333.333333336, "isFricReduction": true, "Vc": 5, "A": 0.5}