{"Dens": 27500000.0, "E": 94000000000.0, "Et": 40869565217.391304, "Pois": 0.15, "StaticFric": 50.0, "DynamicFric": 47.0, "Rc": 0.99, "normalCohesion": 27200000.0, "shearCohesion": 22666666.666666668, "isFricReduction": true, "Vc": 5, "A": 0.5}