{"Dens": 23000000.0, "E": 100000000000.0, "Et": 41666666666.66667, "Pois": 0.2, "StaticFric": 44.0, "DynamicFric": 41.0, "Rc": 0.99, "normalCohesion": 4000000.0, "shearCohesion": 3333333.3333333335, "isFricReduction": true, "Vc": 5, "A": 0.5}