{"Dens": 25500000.0, "E": 100000000000.0, "Et": 38461538461.53846, "Pois": 0.3, "StaticFric": 35.0, "DynamicFric": 32.0, "Rc": 0.99, "normalCohesion": 22000000.0, "shearCohesion": 18333333.333333336, "isFricReduction": true, "Vc": 5, "A": 0.5}