{"Dens": 26000000.0, "E": 10000000000.0, "Et": 3703703703.7037034, "Pois": 0.35, "StaticFric": 41.0, "DynamicFric": 38.0, "Rc": 0.99, "normalCohesion": 26000000.0, "shearCohesion": 21666666.666666668, "isFricReduction": true, "Vc": 5, "A": 0.5}