{"Dens": 26000000.0, "E": 130000000000.0, "Et": 60185185185.18518, "Pois": 0.08, "StaticFric": 52.0, "DynamicFric": 49.0, "Rc": 0.99, "normalCohesion": 28000000.0, "shearCohesion": 23333333.333333336, "isFricReduction": true, "Vc": 5, "A": 0.5}