{"Dens": 25000000.0, "E": 100000000000.0, "Et": 39682539682.53968, "Pois": 0.26, "StaticFric": 51.0, "DynamicFric": 48.0, "Rc": 0.99, "normalCohesion": 43000000.0, "shearCohesion": 35833333.333333336, "isFricReduction": true, "Vc": 5, "A": 0.5}