{"Dens": 26500000.0, "E": 100000000000.0, "Et": 38759689922.48062, "Pois": 0.29, "StaticFric": 57.0, "DynamicFric": 54.0, "Rc": 0.99, "normalCohesion": 34000000.0, "shearCohesion": 28333333.333333336, "isFricReduction": true, "Vc": 5, "A": 0.5}