{"Dens": 27000000.0, "E": 100000000000.0, "Et": 41666666666.66667, "Pois": 0.2, "StaticFric": 55.0, "DynamicFric": 52.0, "Rc": 0.99, "normalCohesion": 50000000.0, "shearCohesion": 41666666.66666667, "isFricReduction": true, "Vc": 5, "A": 0.5}