{"Dens": 23000000.0, "E": 100000000000.0, "Et": 38461538461.53846, "Pois": 0.3, "StaticFric": 35.0, "DynamicFric": 32.0, "Rc": 0.99, "normalCohesion": 14800000.0, "shearCohesion": 12333333.333333334, "isFricReduction": true, "Vc": 5, "A": 0.5}