{"Dens": 26700000.0, "E": 50000000000.0, "Et": 19230769230.76923, "Pois": 0.3, "StaticFric": 20.0, "DynamicFric": 17.0, "Rc": 0.99, "normalCohesion": 27200000.0, "shearCohesion": 22666666.666666668, "isFricReduction": true, "Vc": 5, "A": 0.5}