{"Dens": 26000000.0, "E": 100000000000.0, "Et": 37037037037.03703, "Pois": 0.35, "StaticFric": 50.0, "DynamicFric": 47.0, "Rc": 0.99, "normalCohesion": 16000000.0, "shearCohesion": 13333333.333333334, "isFricReduction": true, "Vc": 5, "A": 0.5}