{"Dens": 25000000.0, "E": 100000000000.0, "Et": 43478260869.56522, "Pois": 0.15, "StaticFric": 54.0, "DynamicFric": 51.0, "Rc": 0.99, "normalCohesion": 29000000.0, "shearCohesion": 24166666.666666668, "isFricReduction": true, "Vc": 5, "A": 0.5}