{"Dens": 26700000.0, "E": 50000000000.0, "Et": 20833333333.333336, "Pois": 0.2, "StaticFric": 29.0, "DynamicFric": 26.0, "Rc": 0.99, "normalCohesion": 18800000.0, "shearCohesion": 15666666.666666668, "isFricReduction": true, "Vc": 5, "A": 0.5}