{"Dens": 27000000.0, "E": 85000000000.0, "Et": 35416666666.66667, "Pois": 0.2, "StaticFric": 55.0, "DynamicFric": 52.0, "Rc": 0.99, "normalCohesion": 29000000.0, "shearCohesion": 24166666.666666668, "isFricReduction": true, "Vc": 5, "A": 0.5}