{"Dens": 27000000.0, "E": 70000000000.0, "Et": 26923076923.076923, "Pois": 0.3, "StaticFric": 51.0, "DynamicFric": 48.0, "Rc": 0.99, "normalCohesion": 43000000.0, "shearCohesion": 35833333.333333336, "isFricReduction": true, "Vc": 5, "A": 0.5}