{"Dens": 26000000.0, "E": 100000000000.0, "Et": 45454545454.54545, "Pois": 0.1, "StaticFric": 44.0, "DynamicFric": 41.0, "Rc": 0.99, "normalCohesion": 16000000.0, "shearCohesion": 13333333.333333334, "isFricReduction": true, "Vc": 5, "A": 0.5}