{"Dens": 27000000.0, "E": 50000000000.0, "Et": 21186440677.966103, "Pois": 0.18, "StaticFric": 48.0, "DynamicFric": 45.0, "Rc": 0.99, "normalCohesion": 26000000.0, "shearCohesion": 21666666.666666668, "isFricReduction": true, "Vc": 5, "A": 0.5}