{"Dens": 27500000.0, "E": 94000000000.0, "Et": 34814814814.81481, "Pois": 0.35, "StaticFric": 38.0, "DynamicFric": 35.0, "Rc": 0.99, "normalCohesion": 40000000.0, "shearCohesion": 33333333.333333336, "isFricReduction": true, "Vc": 5, "A": 0.5}