{"Dens": 26700000.0, "E": 50000000000.0, "Et": 19230769230.76923, "Pois": 0.3, "StaticFric": 32.0, "DynamicFric": 29.0, "Rc": 0.99, "normalCohesion": 7600000.0, "shearCohesion": 6333333.333333334, "isFricReduction": true, "Vc": 5, "A": 0.5}