{"Dens": 27000000.0, "E": 40000000000.0, "Et": 16260162601.626017, "Pois": 0.23, "StaticFric": 45.0, "DynamicFric": 42.0, "Rc": 0.99, "normalCohesion": 10000000.0, "shearCohesion": 8333333.333333334, "isFricReduction": true, "Vc": 5, "A": 0.5}