{"Dens": 27500000.0, "E": 120000000000.0, "Et": 46153846153.84615, "Pois": 0.3, "StaticFric": 47.0, "DynamicFric": 44.0, "Rc": 0.99, "normalCohesion": 550000.0, "shearCohesion": 458333.3333333334, "isFricReduction": true, "Vc": 5, "A": 0.5}