{"Dens": 27500000.0, "E": 94000000000.0, "Et": 34814814814.81481, "Pois": 0.35, "StaticFric": 44.0, "DynamicFric": 41.0, "Rc": 0.99, "normalCohesion": 11200000.0, "shearCohesion": 9333333.333333334, "isFricReduction": true, "Vc": 5, "A": 0.5}