{"Dens": 25000000.0, "E": 50000000000.0, "Et": 19841269841.26984, "Pois": 0.26, "StaticFric": 54.0, "DynamicFric": 51.0, "Rc": 0.99, "normalCohesion": 29000000.0, "shearCohesion": 24166666.666666668, "isFricReduction": true, "Vc": 5, "A": 0.5}