{"Dens": 27000000.0, "E": 50000000000.0, "Et": 18518518518.518517, "Pois": 0.35, "StaticFric": 41.0, "DynamicFric": 38.0, "Rc": 0.99, "normalCohesion": 40000000.0, "shearCohesion": 33333333.333333336, "isFricReduction": true, "Vc": 5, "A": 0.5}