{"Dens": 28000000.0, "E": 90000000000.0, "Et": 33333333333.333332, "Pois": 0.35, "StaticFric": 47.0, "DynamicFric": 44.0, "Rc": 0.99, "normalCohesion": 32000000.0, "shearCohesion": 26666666.666666668, "isFricReduction": true, "Vc": 5, "A": 0.5}