{"Dens": 23000000.0, "E": 55000000000.0, "Et": 21153846153.846153, "Pois": 0.3, "StaticFric": 47.0, "DynamicFric": 44.0, "Rc": 0.99, "normalCohesion": 18400000.0, "shearCohesion": 15333333.333333334, "isFricReduction": true, "Vc": 5, "A": 0.5}