{"Dens": 26700000.0, "E": 50000000000.0, "Et": 19230769230.76923, "Pois": 0.3, "StaticFric": 29.0, "DynamicFric": 26.0, "Rc": 0.99, "normalCohesion": 24400000.0, "shearCohesion": 20333333.333333336, "isFricReduction": true, "Vc": 5, "A": 0.5}