{"Dens": 26700000.0, "E": 20000000000.0, "Et": 7692307692.307692, "Pois": 0.3, "StaticFric": 26.0, "DynamicFric": 23.0, "Rc": 0.99, "normalCohesion": 27200000.0, "shearCohesion": 22666666.666666668, "isFricReduction": true, "Vc": 5, "A": 0.5}