{"Dens": 25000000.0, "E": 80000000000.0, "Et": 33333333333.333336, "Pois": 0.2, "StaticFric": 48.0, "DynamicFric": 45.0, "Rc": 0.99, "normalCohesion": 17500000.0, "shearCohesion": 14583333.333333334, "isFricReduction": true, "Vc": 5, "A": 0.5}