{"Dens": 27500000.0, "E": 120000000000.0, "Et": 46153846153.84615, "Pois": 0.3, "StaticFric": 50.0, "DynamicFric": 47.0, "Rc": 0.99, "normalCohesion": 100000.0, "shearCohesion": 83333.33333333334, "isFricReduction": true, "Vc": 5, "A": 0.5}