{"Dens": 26500000.0, "E": 50000000000.0, "Et": 19379844961.24031, "Pois": 0.29, "StaticFric": 45.0, "DynamicFric": 42.0, "Rc": 0.99, "normalCohesion": 38000000.0, "shearCohesion": 31666666.666666668, "isFricReduction": true, "Vc": 5, "A": 0.5}