{"Dens": 25000000.0, "E": 50000000000.0, "Et": 19230769230.76923, "Pois": 0.3, "StaticFric": 50.0, "DynamicFric": 47.0, "Rc": 0.99, "normalCohesion": 17500000.0, "shearCohesion": 14583333.333333334, "isFricReduction": true, "Vc": 5, "A": 0.5}