{"Dens": 23000000.0, "E": 10000000000.0, "Et": 4166666666.666667, "Pois": 0.2, "StaticFric": 50.0, "DynamicFric": 47.0, "Rc": 0.99, "normalCohesion": 36400000.0, "shearCohesion": 30333333.333333336, "isFricReduction": true, "Vc": 5, "A": 0.5}