{"Dens": 26000000.0, "E": 10000000000.0, "Et": 4545454545.454545, "Pois": 0.1, "StaticFric": 35.0, "DynamicFric": 32.0, "Rc": 0.99, "normalCohesion": 20000000.0, "shearCohesion": 16666666.666666668, "isFricReduction": true, "Vc": 5, "A": 0.5}