{"Dens": 25500000.0, "E": 10000000000.0, "Et": 3846153846.153846, "Pois": 0.3, "StaticFric": 35.0, "DynamicFric": 32.0, "Rc": 0.99, "normalCohesion": 18400000.0, "shearCohesion": 15333333.333333334, "isFricReduction": true, "Vc": 5, "A": 0.5}