{"Dens": 26000000.0, "E": 130000000000.0, "Et": 60185185185.18518, "Pois": 0.08, "StaticFric": 54.0, "DynamicFric": 51.0, "Rc": 0.99, "normalCohesion": 32000000.0, "shearCohesion": 26666666.666666668, "isFricReduction": true, "Vc": 5, "A": 0.5}