{"Dens": 27500000.0, "E": 60000000000.0, "Et": 23076923076.923077, "Pois": 0.3, "StaticFric": 50.0, "DynamicFric": 47.0, "Rc": 0.99, "normalCohesion": 500000.0, "shearCohesion": 416666.6666666667, "isFricReduction": true, "Vc": 5, "A": 0.5}