{"Dens": 26000000.0, "E": 10000000000.0, "Et": 3952569169.960474, "Pois": 0.265, "StaticFric": 50.0, "DynamicFric": 47.0, "Rc": 0.99, "normalCohesion": 20000000.0, "shearCohesion": 16666666.666666668, "isFricReduction": true, "Vc": 5, "A": 0.5}