{"Dens": 23000000.0, "E": 100000000000.0, "Et": 38461538461.53846, "Pois": 0.3, "StaticFric": 47.0, "DynamicFric": 44.0, "Rc": 0.99, "normalCohesion": 36400000.0, "shearCohesion": 30333333.333333336, "isFricReduction": true, "Vc": 5, "A": 0.5}