{"Dens": 25000000.0, "E": 75000000000.0, "Et": 29761904761.904762, "Pois": 0.26, "StaticFric": 51.0, "DynamicFric": 48.0, "Rc": 0.99, "normalCohesion": 39500000.0, "shearCohesion": 32916666.666666668, "isFricReduction": true, "Vc": 5, "A": 0.5}