{"Dens": 28000000.0, "E": 60000000000.0, "Et": 22222222222.22222, "Pois": 0.35, "StaticFric": 45.0, "DynamicFric": 42.0, "Rc": 0.99, "normalCohesion": 32000000.0, "shearCohesion": 26666666.666666668, "isFricReduction": true, "Vc": 5, "A": 0.5}