{"Dens": 27000000.0, "E": 50000000000.0, "Et": 18518518518.518517, "Pois": 0.35, "StaticFric": 44.0, "DynamicFric": 41.0, "Rc": 0.99, "normalCohesion": 3500000.0, "shearCohesion": 2916666.666666667, "isFricReduction": true, "Vc": 5, "A": 0.5}