{"Dens": 27000000.0, "E": 40000000000.0, "Et": 16260162601.626017, "Pois": 0.23, "StaticFric": 60.0, "DynamicFric": 57.0, "Rc": 0.99, "normalCohesion": 26000000.0, "shearCohesion": 21666666.666666668, "isFricReduction": true, "Vc": 5, "A": 0.5}