{"Dens": 27000000.0, "E": 70000000000.0, "Et": 26923076923.076923, "Pois": 0.3, "StaticFric": 49.0, "DynamicFric": 46.0, "Rc": 0.99, "normalCohesion": 29000000.0, "shearCohesion": 24166666.666666668, "isFricReduction": true, "Vc": 5, "A": 0.5}