{"Dens": 27000000.0, "E": 150000000000.0, "Et": 68181818181.81818, "Pois": 0.1, "StaticFric": 47.0, "DynamicFric": 44.0, "Rc": 0.99, "normalCohesion": 43000000.0, "shearCohesion": 35833333.333333336, "isFricReduction": true, "Vc": 5, "A": 0.5}