{"Dens": 27000000.0, "E": 85000000000.0, "Et": 32692307692.30769, "Pois": 0.3, "StaticFric": 51.0, "DynamicFric": 48.0, "Rc": 0.99, "normalCohesion": 29000000.0, "shearCohesion": 24166666.666666668, "isFricReduction": true, "Vc": 5, "A": 0.5}