{"Dens": 27000000.0, "E": 75000000000.0, "Et": 27777777777.777775, "Pois": 0.35, "StaticFric": 50.0, "DynamicFric": 47.0, "Rc": 0.99, "normalCohesion": 29050000.0, "shearCohesion": 24208333.333333336, "isFricReduction": true, "Vc": 5, "A": 0.5}