{"Dens": 27500000.0, "E": 50000000000.0, "Et": 21739130434.78261, "Pois": 0.15, "StaticFric": 38.0, "DynamicFric": 35.0, "Rc": 0.99, "normalCohesion": 17600000.0, "shearCohesion": 14666666.666666668, "isFricReduction": true, "Vc": 5, "A": 0.5}