{"Dens": 26000000.0, "E": 100000000000.0, "Et": 39525691699.60474, "Pois": 0.265, "StaticFric": 41.0, "DynamicFric": 38.0, "Rc": 0.99, "normalCohesion": 10000000.0, "shearCohesion": 8333333.333333334, "isFricReduction": true, "Vc": 5, "A": 0.5}