{"Dens": 27000000.0, "E": 60000000000.0, "Et": 24390243902.439026, "Pois": 0.23, "StaticFric": 48.0, "DynamicFric": 45.0, "Rc": 0.99, "normalCohesion": 22000000.0, "shearCohesion": 18333333.333333336, "isFricReduction": true, "Vc": 5, "A": 0.5}