{"Dens": 25000000.0, "E": 1200000000000.0, "Et": 461538461538.46155, "Pois": 0.3, "StaticFric": 44.0, "DynamicFric": 41.0, "Rc": 0.99, "normalCohesion": 32500000.0, "shearCohesion": 27083333.333333336, "isFricReduction": true, "Vc": 5, "A": 0.5}