{"Dens": 25000000.0, "E": 100000000000.0, "Et": 43478260869.56522, "Pois": 0.15, "StaticFric": 45.0, "DynamicFric": 42.0, "Rc": 0.99, "normalCohesion": 50000000.0, "shearCohesion": 41666666.66666667, "isFricReduction": true, "Vc": 5, "A": 0.5}