{"Dens": 28000000.0, "E": 60000000000.0, "Et": 27272727272.727272, "Pois": 0.1, "StaticFric": 53.0, "DynamicFric": 50.0, "Rc": 0.99, "normalCohesion": 52000000.0, "shearCohesion": 43333333.333333336, "isFricReduction": true, "Vc": 5, "A": 0.5}