{"Dens": 25000000.0, "E": 80000000000.0, "Et": 30769230769.230766, "Pois": 0.3, "StaticFric": 44.0, "DynamicFric": 41.0, "Rc": 0.99, "normalCohesion": 27500000.0, "shearCohesion": 22916666.666666668, "isFricReduction": true, "Vc": 5, "A": 0.5}