{"Dens": 27000000.0, "E": 50000000000.0, "Et": 20833333333.333336, "Pois": 0.2, "StaticFric": 44.0, "DynamicFric": 41.0, "Rc": 0.99, "normalCohesion": 7150000.0, "shearCohesion": 5958333.333333334, "isFricReduction": true, "Vc": 5, "A": 0.5}