{"Dens": 26700000.0, "E": 80000000000.0, "Et": 28571428571.428574, "Pois": 0.4, "StaticFric": 26.0, "DynamicFric": 23.0, "Rc": 0.99, "normalCohesion": 2000000.0, "shearCohesion": 1666666.6666666667, "isFricReduction": true, "Vc": 5, "A": 0.5}