{"Dens": 27000000.0, "E": 70000000000.0, "Et": 29166666666.666668, "Pois": 0.2, "StaticFric": 45.0, "DynamicFric": 42.0, "Rc": 0.99, "normalCohesion": 32500000.0, "shearCohesion": 27083333.333333336, "isFricReduction": true, "Vc": 5, "A": 0.5}