{"Dens": 27500000.0, "E": 50000000000.0, "Et": 21739130434.78261, "Pois": 0.15, "StaticFric": 35.0, "DynamicFric": 32.0, "Rc": 0.99, "normalCohesion": 30400000.0, "shearCohesion": 25333333.333333336, "isFricReduction": true, "Vc": 5, "A": 0.5}