{"Dens": 26000000.0, "E": 100000000000.0, "Et": 45454545454.54545, "Pois": 0.1, "StaticFric": 38.0, "DynamicFric": 35.0, "Rc": 0.99, "normalCohesion": 14000000.0, "shearCohesion": 11666666.666666668, "isFricReduction": true, "Vc": 5, "A": 0.5}