{"Dens": 27500000.0, "E": 50000000000.0, "Et": 21739130434.78261, "Pois": 0.15, "StaticFric": 44.0, "DynamicFric": 41.0, "Rc": 0.99, "normalCohesion": 11200000.0, "shearCohesion": 9333333.333333334, "isFricReduction": true, "Vc": 5, "A": 0.5}