{"Dens": 27500000.0, "E": 72000000000.0, "Et": 26666666666.666664, "Pois": 0.35, "StaticFric": 50.0, "DynamicFric": 47.0, "Rc": 0.99, "normalCohesion": 17600000.0, "shearCohesion": 14666666.666666668, "isFricReduction": true, "Vc": 5, "A": 0.5}