{"Dens": 27500000.0, "E": 94000000000.0, "Et": 40869565217.391304, "Pois": 0.15, "StaticFric": 47.0, "DynamicFric": 44.0, "Rc": 0.99, "normalCohesion": 30400000.0, "shearCohesion": 25333333.333333336, "isFricReduction": true, "Vc": 5, "A": 0.5}