{"Dens": 28000000.0, "E": 60000000000.0, "Et": 27272727272.727272, "Pois": 0.1, "StaticFric": 55.0, "DynamicFric": 52.0, "Rc": 0.99, "normalCohesion": 28000000.0, "shearCohesion": 23333333.333333336, "isFricReduction": true, "Vc": 5, "A": 0.5}