{"Dens": 27500000.0, "E": 120000000000.0, "Et": 42857142857.14286, "Pois": 0.4, "StaticFric": 50.0, "DynamicFric": 47.0, "Rc": 0.99, "normalCohesion": 250000.0, "shearCohesion": 208333.33333333334, "isFricReduction": true, "Vc": 5, "A": 0.5}