{"Dens": 26700000.0, "E": 80000000000.0, "Et": 33333333333.333336, "Pois": 0.2, "StaticFric": 26.0, "DynamicFric": 23.0, "Rc": 0.99, "normalCohesion": 24400000.0, "shearCohesion": 20333333.333333336, "isFricReduction": true, "Vc": 5, "A": 0.5}