{"Dens": 26000000.0, "E": 100000000000.0, "Et": 39525691699.60474, "Pois": 0.265, "StaticFric": 47.0, "DynamicFric": 44.0, "Rc": 0.99, "normalCohesion": 28000000.0, "shearCohesion": 23333333.333333336, "isFricReduction": true, "Vc": 5, "A": 0.5}