{"Dens": 27000000.0, "E": 50000000000.0, "Et": 18518518518.518517, "Pois": 0.35, "StaticFric": 47.0, "DynamicFric": 44.0, "Rc": 0.99, "normalCohesion": 14450000.0, "shearCohesion": 12041666.666666668, "isFricReduction": true, "Vc": 5, "A": 0.5}