{"Dens": 27000000.0, "E": 50000000000.0, "Et": 20325203252.03252, "Pois": 0.23, "StaticFric": 57.0, "DynamicFric": 54.0, "Rc": 0.99, "normalCohesion": 46000000.0, "shearCohesion": 38333333.333333336, "isFricReduction": true, "Vc": 5, "A": 0.5}