{"Dens": 28000000.0, "E": 90000000000.0, "Et": 40909090909.090904, "Pois": 0.1, "StaticFric": 45.0, "DynamicFric": 42.0, "Rc": 0.99, "normalCohesion": 20000000.0, "shearCohesion": 16666666.666666668, "isFricReduction": true, "Vc": 5, "A": 0.5}