{"Dens": 25000000.0, "E": 75000000000.0, "Et": 32608695652.173916, "Pois": 0.15, "StaticFric": 57.0, "DynamicFric": 54.0, "Rc": 0.99, "normalCohesion": 18500000.0, "shearCohesion": 15416666.666666668, "isFricReduction": true, "Vc": 5, "A": 0.5}