{"Dens": 25500000.0, "E": 10000000000.0, "Et": 3846153846.153846, "Pois": 0.3, "StaticFric": 41.0, "DynamicFric": 38.0, "Rc": 0.99, "normalCohesion": 4000000.0, "shearCohesion": 3333333.3333333335, "isFricReduction": true, "Vc": 5, "A": 0.5}