{"Dens": 27000000.0, "E": 75000000000.0, "Et": 27777777777.777775, "Pois": 0.35, "StaticFric": 47.0, "DynamicFric": 44.0, "Rc": 0.99, "normalCohesion": 18100000.0, "shearCohesion": 15083333.333333334, "isFricReduction": true, "Vc": 5, "A": 0.5}