{"Dens": 26000000.0, "E": 100000000000.0, "Et": 37037037037.03703, "Pois": 0.35, "StaticFric": 44.0, "DynamicFric": 41.0, "Rc": 0.99, "normalCohesion": 14000000.0, "shearCohesion": 11666666.666666668, "isFricReduction": true, "Vc": 5, "A": 0.5}